{"bn_2": {"1": 0.1172069551536767, "2": Infinity, "3": 0.01403538993896312, "4": 0.12062870304944198, "5": 0.012943302456589523, "6": 0.041444562151514576, "7": 0.04135413198060245, "8": 0.034961363412335966, "9": 0.14404554533636105}, "bn_3": {"1": 0.05085974280021019, "2": 0.11123556015848808, "3": Infinity, "4": 0.14394218249599536, "5": 0.17093670557192606, "6": 0.044736736225061226, "7": 0.022719395409298706, "8": 0.1158498177728675, "9": 0.1863041551191663}, "bn_4": {"1": 0.10140652230141425, "2": 0.19844606661232272, "3": 0.10313258808377784, "4": Infinity, "5": 0.1131447140868628, "6": 0.13345971655440386, "7": 0.0639338299992903, "8": 0.11596299200787019, "9": 0.09618076235815262}, "bn_5": {"1": 0.20301765502114938, "2": 0.08001868960969223, "3": 0.1005922668941891, "4": 0.08986850625184739, "5": Infinity, "6": 0.05387042592417999, "7": 0.003112929630823044, "8": 0.11620904498738911, "9": 0.0038907428131196298}, "bn_6": {"1": 0.07651094452911207, "2": 0.13113701818611773, "3": 0.026501997008715573, "4": 0.009278620782826085, "5": 0.10992183975272825, "6": Infinity, "7": 0.15863805121161711, "8": 0.1444561365851672, "9": 0.10978873980976839}, "bn_7": {"1": 0.08808298649335972, "2": 0.08044154649735308, "3": 0.03434612987743343, "4": 0.043626362632374106, "5": 0.0008088993115247041, "6": 0.0684909310040552, "7": Infinity, "8": 0.06056438201294975, "9": 0.01565448730160243}, "bn_8": {"1": 0.0027428610821981316, "2": 0.012176934176674505, "3": 0.011049810059718392, "4": 0.01570047086984518, "5": 0.005567015791126777, "6": 0.08208863863034134, "7": 0.004941580917209332, "8": Infinity, "9": 0.06412175409982505}, "bn_9": {"1": 0.11720469072117759, "2": 0.057740817076369716, "3": 0.10426643148540958, "4": 0.11934280081321032, "5": 0.014271535443200388, "6": 0.06024135960196484, "7": 0.12640242688991338, "8": 0.062441739389401965, "9": Infinity}}