{"0": [-3.202414523842161, -2.981559240167764, -2.8931223250922806, -3.1122019397707836, -3.1345483977421527, -3.0721850460323292, -3.115599573520764, -3.0446150055581103, -3.0731455929084777, -3.1002040285636285, -3.0314855895604924, -2.9875784270274175, -3.0254240894126245, -2.991423904514158, -3.008020545625969, -2.9996435844317784, -2.961633421242515, -2.9518196701278385, -2.9268173089871055, -2.9318891121621498, -2.880286329028049, -2.8758698369574605, -2.866076527864767, -2.8908135841350333, -2.890323083511134, -2.890355986883912, -2.881032338531289, -2.8737640664755153, -2.8748472317824594, -2.881256710350278, -2.885327522103245, -2.874735592619359, -2.86609918337058, -2.8758429398230314, -2.8624216467942505, -2.8760076878574465, -2.8941580024975444, -2.893599834145495, -2.8904938092696426, -2.898891108053681, -2.891820156110874, -2.882614478823551, -2.8786828947504914, -2.8657696267281305, -2.8505525164818644, -2.8511472766555217, -2.847841562336561, -2.8277558899661384, -2.8220729098423876, -2.8161293395014937], "1": [-2.855808452562655, -2.7925561813864905, -2.9742769564308427, -2.987130346527607, -3.085830557029663, -3.030267922751174, -3.04229560503055, -3.130439034981557, -3.0830249208732146, -3.026614578319306, -2.993196296243566, -3.0586639905242987, -3.016940427933379, -3.0115714778872302, -2.98314808259077, -2.968225911051054, -3.028070552972794, -3.0668496562831167, -3.05374110873724, -3.0643252569881176, -3.053847090306726, -3.065364610354371, -3.061443016823879, -3.062523947548073, -3.0671107341273425, -3.0634606329037117, -3.0458841119789604, -3.0370953653179042, -3.050288820437859, -3.077700537367337, -3.061819827292114, -3.081446070569327, -3.071630114234484, -3.0607037323132467, -3.087219859398394, -3.069947600996923, -3.078781981454173, -3.07896485785542, -3.0859256570732354, -3.1009030010765986, -3.0906906860920187, -3.083018342295615, -3.0627487198212404, -3.093665277856168, -3.1200898729925064, -3.1556875065098335, -3.1329265460485343, -3.125469178372511, -3.1090617713386672, -3.1088184459499155], "2": [-3.8836817932924563, -3.500718329209228, -3.8622712111895257, -3.88734403101927, -3.8875986450483384, -3.6851536288873477, -3.740217255550692, -3.8085795060840772, -3.8781055327822256, -3.8831068077937694, -3.6881118401415183, -3.630777144966284, -3.6054656439217534, -3.6513343404735785, -3.6337227485278114, -3.6350210998098227, -3.5507712920025867, -3.5647433586800816, -3.5228973686635636, -3.532994207320416, -3.519859120875875, -3.50924240080708, -3.5027910399661697, -3.5203312430638256, -3.491978583136764, -3.465993801852971, -3.456782979507777, -3.440070923793757, -3.4267744567199783, -3.439470379296693, -3.437984089964703, -3.394612755049446, -3.3924418884093352, -3.3962124911916245, -3.3727052698346647, -3.4067426113367176, -3.399977546488691, -3.3911947655810684, -3.367051789567472, -3.3535229818987644, -3.3524873272558193, -3.368487081679299, -3.391182557603548, -3.3716136488060098, -3.3550298771490055, -3.3787325302127376, -3.3602291328646134, -3.358536743610615, -3.343236846416486, -3.3315656934721916], "3": [-3.0483920489879623, -3.4796844116940915, -3.6131615743524366, -3.6694882245988087, -3.591872509546762, -3.503692631613488, -3.4183982091922682, -3.3758225130799056, -3.435091551895918, -3.430515479367398, -3.494624511480431, -3.495034842068968, -3.4925959977036327, -3.562057635224589, -3.6599971455014413, -3.630897665105454, -3.5757926713153627, -3.5706552732821537, -3.564790141395514, -3.5448618553126434, -3.5153930919015486, -3.526955703739309, -3.5719604742689026, -3.601533031415887, -3.576088356159792, -3.5937992164436343, -3.6213199184159497, -3.595626313124741, -3.6052743865351786, -3.5735100287620454, -3.6380511589369404, -3.646454940279615, -3.6788803006466866, -3.6564157884442343, -3.6525339960966554, -3.6564280483129736, -3.68461581549001, -3.6903860070706846, -3.70100249667716, -3.6945726505791723, -3.708470859736108, -3.6972880178148495, -3.6883736565162346, -3.702137998272753, -3.702113197385105, -3.722024397470308, -3.7190195178140777, -3.722253618442051, -3.701487863885084, -3.7026826816096885], "4": [-4.358266767914782, -5.2320760431784255, -5.16836466738267, -5.445542469217386, -5.647254425870413, -5.414874441296686, -5.659152035532222, -5.57238298353907, -5.369901701720384, -5.269714191205014, -5.381310379369785, -5.361036554517045, -5.333996700835294, -5.287414273217983, -5.18417359489273, -5.352691436397526, -5.291063435561068, -5.265079267548001, -5.1852777053442, -5.205605497607253, -5.201968237098703, -5.183189744008786, -5.1311313190891745, -5.155545429270944, -5.077393932819787, -5.047410430653246, -5.012999879590475, -5.029127232555187, -5.101878429833739, -5.074581788261552, -5.07672080933567, -5.115610094758427, -5.0518472059020665, -5.06577615469349, -5.0291380961768155, -4.993118343284061, -4.944217915654432, -4.92498872139767, -4.89913344844513, -4.894093922715838, -4.9163169877385995, -4.92449497716889, -4.881649921008523, -4.869596702574805, -4.886766712216092, -4.916642146381656, -4.87608027103207, -4.840871768649264, -4.882056735092845, -4.881029701556459]}