{"0": [-6.07311127031354, -5.149909057710687, -5.808233550577501, -6.230659514715583, -5.989715269927049, -6.394815568254902, -6.542208335918416, -5.986328831789905, -5.789352886689577, -5.4454289091954085, -5.3741165551044565, -5.4443765766951175, -5.361630946472735, -5.33832238443923, -5.297865661612036, -5.474046979654783, -5.582526691579836, -5.61722453722279, -5.650323816720354, -5.694511616154145], "1": [-7.419690216554252, -5.127152937143564, -6.873390747595231, -6.473464860125422, -6.604570078366086, -6.653248539287326, -7.194506149853545, -6.864156897023316, -6.289499711047052, -6.32908879929519, -5.868142439687542, -6.190097519058438, -6.3145786600835425, -6.4610125153338185, -6.45693458221892, -6.260888149800339, -6.2444076907821096, -6.361621239064176, -6.521501145835817, -6.654791431008897], "2": [-14.403201982412867, -9.332968471061617, -8.007232702984895, -8.224189983858235, -7.748671134073845, -7.268550673065503, -6.395306305035223, -5.970427513013428, -5.828497701267668, -5.804180147899721, -5.82355410306826, -5.754730737822115, -5.894888322569579, -5.7642261713409, -5.569337505401662, -5.920323041295773, -6.151839529791209, -6.076568186270797, -6.344835525588332, -6.147228088438852], "3": [-4.3672059437480835, -3.9687907421859343, -4.815726899492141, -4.990891292937292, -5.541901071168499, -6.1673699568266, -6.497335427204986, -7.043864233893063, -7.013555864814103, -6.577706632340155, -6.065735054901907, -5.82403633539151, -6.156441556528568, -6.307719705067688, -6.184190234307958, -6.221060577102521, -6.235375679242252, -5.79519819686816, -5.64315132091787, -5.4630436192543606], "4": [-4.9127142037626506, -6.32039614204445, -5.273689424824115, -6.357204870454821, -5.971542362046685, -5.533314731881197, -5.517533602286568, -5.479853314394956, -5.383953189704139, -5.565700625661841, -5.770070535718204, -6.116582011677494, -5.905469127073438, -5.82942862984475, -5.719626820558046, -5.803207216638136, -5.590300358619228, -5.640812659164604, -5.49970372903657, -5.45823909476142], "5": [-3.362831530414717, -3.35307819543438, -3.8245936841276436, -4.31321063856394, -4.494815119675965, -4.629436420423109, -4.572456706029875, -4.4812990664177095, -4.805621802366113, -4.693649750284951, -4.929191975575557, -4.837555869021339, -4.919298080429824, -5.146412798341734, -5.087972307470677, -5.0435459011265555, -5.279013402809668, -5.113393611939834, -5.181385042403197, -5.232272445527668], "6": [-5.953616498850806, -5.936870957538197, -6.059772150794182, -6.588347088631013, -6.93028318201929, -6.43590339252662, -6.0241121543834195, -6.081364556223953, -6.075499777628259, -6.215969064456823, -5.908856228127026, -6.185647802046108, -5.911200458185405, -5.855446334235711, -6.202645212536585, -6.519069559562576, -6.407110763234749, -6.143622811996471, -6.054725459720139, -5.968421107350521], "7": [-7.846450284979242, -5.923132115186606, -5.063311029424952, -5.047359882342093, -5.526709509655936, -5.575517958566528, -5.233272122929452, -5.098723647436233, -4.85189333495105, -4.9052048916372435, -4.905768462969913, -5.002622906242159, -4.977450571833993, -5.209176407346005, -5.0701516991326265, -4.847957569003996, -4.896859660797455, -4.912785634112525, -4.768478138189584, -4.776113581260419], "8": [-4.1213203214792244, -4.5821182218395675, -4.6882834911933395, -4.082684488859994, -4.269228584609378, -4.287068833671362, -4.468425699965581, -4.594482061582504, -4.490843933678079, -4.485646466944539, -4.408782167112697, -4.439923960872765, -4.308995901917945, -4.461069277226326, -4.340093034707429, -4.434452654038729, -4.424710927098858, -4.402046747197631, -4.399708722640857, -4.336127172281086], "9": [-2.618995349839166, -2.9294842758362996, -3.657732139306109, -3.8143259531672262, -3.4985618761929653, -3.877686398047087, -3.9438919365301026, -3.9062670734636136, -3.868522283464001, -3.8221132045007593, -3.729081734276207, -3.769464744995339, -3.6529365819514723, -3.6934726744908946, -3.707996391718978, -3.705648023982827, -3.8007089490297616, -3.8031829102309125, -3.714539426033078, -3.7014776459823433], "10": [-3.591706539098388, -3.8750270902766966, -4.040923497390294, -3.6671981159919387, -3.4989949750694405, -3.4770563469905356, -3.467512582869317, -3.3610052462918256, -3.417432723883152, -3.443138567685923, -3.417946207261429, -3.4062663646596474, -3.4055990223773254, -3.40919738008967, -3.3845842210099626, -3.4394982668972047, -3.4279928058272193, -3.4303083857683268, -3.4486335471795333, -3.4466016969500823], "11": [-4.500165504376669, -3.887212304770602, -3.742080835609194, -3.695826022596603, -3.8359177677673033, -3.9755212081474345, -3.8857058142840475, -3.8565858344701818, -3.714134214420542, -3.586339903760763, -3.7672717906577473, -3.85108601317073, -3.810576832470808, -3.8314913375856565, -3.8045992839113425, -3.7741432285222323, -3.8524011947734578, -3.815195927401912, -3.727032005962559, -3.651616282585704], "12": [-3.274258011113921, -3.992237870109656, -3.3268923004018984, -3.385634129588283, -3.4451552208380583, -3.6670909879330265, -3.5348031506750712, -3.6266245268792514, -3.5846362158377194, -3.6208936979361637, -3.636233880651745, -3.7005402680359154, -3.6764265091474284, -3.563689780482139, -3.513337015111741, -3.5267107693878113, -3.5857199846745265, -3.519753322312127, -3.5152036631518064, -3.4587861270378917], "13": [-4.4200768831451605, -4.572631384631737, -4.149248896683632, -4.6679646872596114, -4.826486973334144, -4.372831719685398, -4.002910786958108, -3.9431653160315343, -3.883881789032997, -3.793529012501112, -3.849214888404057, -3.7260399760742966, -3.7801986323888648, -3.7500338086244844, -3.6577863510712496, -3.7147575683752017, -3.7280533857048166, -3.757755564325912, -3.711912165415375, -3.734543650232543], "14": [-3.4633067568054554, -3.8207885442530594, -3.5921465939119397, -3.6779337810084582, -3.5550476630962646, -3.9234251391410573, -3.8673110189748297, -3.9637845406337076, -3.968060263022467, -3.937309068228936, -3.7916453338378218, -3.7056613334903674, -3.6489826165105335, -3.640898221807133, -3.7346990204293755, -3.681074626615317, -3.757778414104391, -3.6964204328030137, -3.7317682056911847, -3.7227984332914215], "15": [-2.5568727598303784, -2.815997424127501, -3.1235558170922944, -3.242048656598009, -3.0924162408719096, -3.165280541496867, -3.3138998625126894, -3.4152465660159947, -3.426054880782251, -3.4821135568280313, -3.5095214739333453, -3.4714192226692235, -3.371833812315278, -3.4113458630987332, -3.560174672775918, -3.543266379371223, -3.5382868876108393, -3.6680089286355124, -3.6733147766103613, -3.6406228745945817], "16": [-6.4497788746563955, -5.026746777459172, -4.254616980615871, -3.7153706532092765, -3.835656218390041, -4.012449396406954, -4.170394583822536, -4.014424684009511, -3.986290681821207, -3.935313989500336, -3.9028703563901166, -4.09097731963454, -4.009157551011725, -4.020576773639011, -4.115493383655058, -4.122641038979376, -4.087005440997618, -4.002497927753297, -4.030848018233818, -4.055820351633896], "17": [-5.813641034135911, -5.184218391942401, -4.329091385442384, -4.119221541859014, -4.059663146109188, -3.8526388447701674, -3.6717216666649626, -3.6728598614194476, -3.775823703240988, -3.9996858989358928, -3.846879820070536, -3.836898244792865, -3.8443422058136103, -3.7644940806825913, -3.6571530030648876, -3.6671731179366374, -3.69038865362629, -3.6439330231181484, -3.57739921869844, -3.5986764069495454], "18": [-2.8427629249620323, -3.0200008956882205, -2.9551912040835244, -2.981276102027534, -3.1768779199068797, -3.3550032804494077, -3.4797650250552516, -3.3849468027144014, -3.527372218554103, -3.5163986046538476, -3.664864767684252, -3.7436972483282682, -3.7605983483610537, -3.7456314866992226, -3.771346388161278, -3.810967533059782, -3.870444244086854, -3.9079306246296244, -4.026901356878791, -4.020726979624728],