{"0": [-6.302836954645826, -6.940749377030799, -6.888472319654462, -8.325157947211279, -7.444363499637735, -7.67605712891699, -7.5083802691439105, -7.623720260950048, -7.636537989236957, -7.522104512808252, -7.417941939855187, -7.3687234433554, -7.637654183052554, -8.022438177214692, -7.712638254229103, -7.6361739805193745, -7.6373000502308415, -7.6775052425744486, -7.530298903936165, -7.5821578025948675, -7.463026723341538, -7.297446220120013, -7.116892970778085, -7.0808246579158265, -7.201293586432871, -7.175986397073862, -7.165104730446839, -7.245069733125165, -7.210862108487216, -7.187885720662968, -7.155762753067431, -7.098186104797199, -7.044411696080147, -7.092925864791847, -6.981695152007789, -7.125847441417902, -7.172694572488086, -7.1514447890804105, -7.193517607761917, -7.2040352054097525, -7.204756752766109, -7.159668177937957, -7.17579993163687, -7.215447822474322, -7.258367673843876, -7.3675795687417445, -7.444578232956774, -7.469569356813992, -7.447216647015818, -7.466663925450801], "1": [-5.558928408347341, -6.095762989753393, -6.836153185514835, -6.729125746989236, -7.665853490872401, -7.624077071470784, -8.285722442960052, -8.832135925092526, -8.857862774579912, -8.72259738476572, -8.603362146904221, -8.871433039177537, -9.250056342031206, -9.459107527244024, -9.523967841066835, -9.38363059259243, -9.579275405118008, -9.96353710210625, -9.694040540313217, -9.657959003539256, -9.36227970999655, -9.272768473292233, -9.244251697237122, -9.388499676608294, -9.426892955080158, -9.493101196700655, -9.544023176645595, -9.804174754514227, -9.78560396157868, -9.497368677662461, -9.492390243464879, -9.313407339075281, -9.342230738019863, -9.438571299352306, -9.290495592307659, -9.230288719487168, -9.060729869061772, -9.057254022442347, -9.013573873356535, -9.011646259984124, -9.104986152751382, -9.156180086256148, -9.185049809292975, -9.217113245309683, -9.213131659345994, -9.161786530272282, -9.131528983154004, -9.121650945059688, -9.052402815058418, -8.88226597116827], "2": [-9.567028517392492, -9.99382156220312, -8.850702188776665, -10.0672977050298, -9.94964277824374, -10.452159141976656, -9.966606381786335, -10.34541019098349, -10.251266204317638, -9.826645982159608, -9.390528208294988, -9.380329060478173, -9.482682284259045, -9.58682514413911, -9.800582142075127, -9.741703859298589, -9.919158543289193, -9.948484086005216, -9.937498900641168, -10.1896831869252, -10.338721428646046, -10.268176796331232, -10.469755987545815, -10.580158103530815, -10.881275534691541, -11.007142623222688, -11.266910928501982, -11.125411253583778, -10.871596183940552, -10.818206074416246, -10.974508123526817, -10.9248175092033, -10.812293479900106, -10.88099047237708, -10.772399046124372, -10.844824351701925, -10.904566811821644, -10.714176420339085, -10.671658419950253, -10.625949141692658, -10.696378094838481, -10.768861977327282, -10.766976323139303, -10.667278776693307, -10.53022217698825, -10.599118496168566, -10.662804844649624, -10.573503939818169, -10.569797352600576, -10.542292668174916], "3": [-14.114408842419378, -15.740195586038945, -15.325523662430108, -16.421518244901982, -15.593077053623778, -14.38546338719083, -12.816042277736521, -12.721775415897039, -11.523749476842871, -11.108968824251725, -11.331907968238157, -10.579054582300955, -10.669300467258024, -11.134571420638718, -11.262795339337387, -11.158387310272438, -11.175020858185293, -10.928296776159698, -10.829084081360831, -10.963713814696549, -11.317258874433938, -11.09676993143327, -11.197409782592947, -11.308848113047496, -11.487967781115648, -11.67807164013403, -11.586244904183085, -11.784522617472714, -12.055703018499853, -12.303046239838283, -12.071544764628538, -11.963668554853642, -11.774659161488502, -11.608267661022124, -11.574380753606153, -11.563857395144119, -11.633594567235699, -11.73910009453571, -11.77300317712295, -11.962072763287322, -12.096734592245967, -12.29948768150128, -12.26938938138957, -12.327657938385737, -12.47834510892268, -12.614670406757007, -12.724316083442853, -12.616182117416944, -12.539400367379553, -12.709597236667236], "4": [-13.144355020796027, -16.464389917604226, -13.216948071718566, -13.460753763027931, -14.37565906117812, -14.484957482802308, -14.683236524799389, -13.846557271316051, -14.344222854860652, -14.470299390722694, -13.953754618563394, -13.749254261449344, -14.648699504067936, -14.648806390310186, -15.163116103709102, -15.133801363053077, -15.33989993652946, -14.644186675924654, -14.837531601945612, -13.925000179535175, -13.955569960981071, -13.71477650984913, -13.927585547286217, -13.936713168541344, -13.683698379072865, -13.330288378256105, -13.128939340993698, -12.953757039094741, -12.769159822999313, -12.519863388031549, -12.49041461417304, -12.546011026541954, -12.679662097515974, -12.763899548044078, -12.722752487883902, -12.364127297334724, -12.262790320907381, -12.315588431616574, -12.371643871439813, -12.620719103399646, -12.90550992775094, -13.021112289619802, -13.068673534081217, -12.90116753512832, -12.797906419472955, -12.881590363382722, -12.720491061551508, -12.764803352076958, -12.68871209213455, -12.613388046292574], "5": [-11.75653323737045, -13.142701120877003, -12.854923890070694, -13.078550612141873, -12.411116092698467, -13.15758504859013, -13.13683752347025, -12.620935979385647, -12.557038509308972, -12.576522679569791, -12.07864959559399, -11.915111725764174, -12.191768392326605, -12.137209307754462, -12.583215315370165, -12.698176793346423, -12.83782734023669, -12.637068020393485, -12.461135811990115, -12.067162680100468, -11.994713043824595, -11.989207932345927, -11.99458076405073, -12.312735603041821, -12.637324547517398, -13.083999781453604, -13.502646632201804, -13.030503255566257, -13.019408272966727, -12.986214364921253, -12.766449387827505, -12.742259341313945, -12.711557214371453, -12.349340821852955, -12.356020479451914, -12.520826874964577, -12.423946858308026, -12.43103761470807, -12.483398084300713, -12.410652783035767, -12.46632857186803, -12.656480555179655, -12.858826848312084, -12.630129306480784, -12.754976373655339, -12.607788573053321, -12.676840415674295, -12.543750851698372, -12.52241037507775, -12.400194352803206], "6": [-7.844452808300068, -8.691806406429171, -9.000651050029258, -9.302899534668816, -10.434971561191581, -11.053637572398932, -11.582099316195485, -11.379783711104102, -11.474027150155608, -10.63760547050999, -9.930660685648583, -10.113926503949559, -9.83859311492568, -9.882294615926554, -10.023146559869987, -9.81205019664739, -9.816146769626144, -9.729230078002917, -9.679206310788954, -9.511576210042856, -9.430962290274936, -9.700343732732, -9.644604151655146, -9.731795486711109, -9.469118506190588, -9.620875457836625, -9.633053161356047, -9.708858051820611, -9.768828357753861, -9.607012992026315, -9.50550769603353, -9.470436217337374, -9.336400670295662, -9.354279285852467, -9.41484939191375, -9.415354108144303, -9.480699486174284, -9.61884556813885, -9.502634650436333, -9.617743003165666, -9.583027730406563, -9.503624797427614, -9.605507298944504, -9.538857255170493, -9.467710723223485, -9.481723990200678, -9.41426862047053, -9.38110191125667, -9.392188116634662, -9.37711105724573],