{"0": [-3.105372078950765, -3.1386737385311814, -2.9253040122297995, -2.9837692227580024, -2.9560928768748713, -2.9171874310212735, -2.9636678658665203, -2.926650269137863, -2.9729198298459636, -2.9146281423016127, -2.94276566862611, -2.996923522637948, -3.1618313338562505, -3.0942949817577765, -3.089600135584734, -3.0654196653451167, -3.0964558863611025, -3.1715169524798275, -3.161357260881476, -3.1295537493410746], "1": [-3.0112727076986974, -3.196991894490303, -3.383152187615703, -3.200985797787371, -3.079615701502045, -3.1098550666311326, -3.0693716072617763, -3.0871703261861985, -3.0605020271874204, -3.2037631641406095, -3.16888432959217, -3.0798944029533235, -2.9769551747217133, -3.016813374244782, -2.9587162831396125, -2.9917670505509513, -3.026312236384972, -3.1409871391934403, -3.1856715944842775, -3.1490461219839156], "2": [-3.13802735986311, -2.761017686959257, -3.0046517308758527, -3.344129221670182, -3.175712517012908, -3.1352370441824458, -3.1185575545008226, -3.0995835562178855, -3.10504992299548, -3.2865910237536284, -3.3817388782292306, -3.4718193969287863, -3.4450875722523904, -3.366882565843757, -3.4876698212016253, -3.4886274206778034, -3.4351425952161563, -3.4321757681964526, -3.4166925683183647, -3.4257459976463815], "3": [-3.8645109459630866, -3.997957986702964, -4.458556913502105, -3.979595029544355, -3.7917602494000398, -3.6450993911059126, -3.771561350116641, -3.7106532874922182, -3.6476300305506077, -3.7864138151666453, -3.6336406314636522, -3.6940466452620524, -3.9237888665372043, -4.0229216293076115, -3.952662280615452, -3.8979623999485553, -3.895588705657737, -3.967124020446854, -3.8836550691326783, -3.8264758961751655], "4": [-3.0864107071469618, -3.5393901728692394, -3.2909175827612747, -2.959677850975271, -3.301317998961213, -3.4018376911895762, -3.45428055882094, -3.4796035634320384, -3.4142061384054956, -3.4935359387987246, -3.4696181233462715, -3.384484673182103, -3.38635692033094, -3.4838568259706078, -3.436608792034082, -3.381866092906475, -3.4119132034214616, -3.434987673803486, -3.41000880715408, -3.425679775457815], "5": [-3.23064364965765, -3.343283831148666, -3.422843356763742, -3.670359024848235, -3.42240434973958, -3.3644350754117647, -3.334251024680832, -3.243940279512164, -3.3697214260457673, -3.4590795623845447, -3.347400156843079, -3.5290730551930865, -3.41836596607135, -3.4107136242781437, -3.4297444999904174, -3.4151001089122777, -3.4099391413138713, -3.417156858626436, -3.3659600715695204, -3.341159584683995], "6": [-2.818644524811125, -3.2377854477667105, -3.715246386102631, -3.741737191697996, -3.6498210111050726, -3.485143953154323, -3.3537499908803787, -3.2181356631957336, -3.1133623421065013, -3.1278271716900186, -3.1537592997569166, -3.1668781237409585, -3.1155108847375472, -3.0646083902469328, -3.0704645787492195, -3.111427055489777, -3.1236510798458412, -3.0718901032330552, -3.0936873365009476, -3.1032935490776894], "7": [-2.89360844262303, -2.917455177073392, -2.599451078153324, -2.596907201405272, -2.570389972904041, -2.5394989566801223, -2.72613269437697, -2.743917074087865, -2.80183320074574, -2.826945372903692, -2.8476625292116804, -2.84274092810081, -2.881853183016286, -2.928053100759743, -2.9022801574531094, -2.875521865749019, -2.8363206251866635, -2.802676423235475, -2.802325153055569, -2.800884904499461], "8": [-2.8109008714882138, -2.9072482367912182, -2.8602759372022115, -2.8229946257414795, -3.0247673783552442, -3.323272948178086, -3.304169427740387, -3.342016633283506, -3.4215533499835566, -3.405896244521071, -3.285207203428958, -3.2631431742011907, -3.2261425402788544, -3.200785510811904, -3.187511892723453, -3.108864420818784, -3.1004605260988676, -3.1246903287501677, -3.1778377435833716, -3.1140673726586083], "9": [-3.3983968009075216, -3.5956185647660135, -3.1457157173455275, -3.2088115731813986, -3.0539880696743658, -3.017106742106643, -3.0290955946745894, -3.0630677335781766, -3.0115021179205783, -2.9661347321995417, -2.9870271671260458, -3.0006047669848512, -2.90953491523382, -2.9313110846119397, -2.929165531344204, -2.984660210438749, -2.955032990898593, -2.9870668359800874, -3.006780707536148, -3.0798144796641136]}