{"0": [-3.5878205595604054, -3.4215932819682893, -3.164864507881866, -2.955442618019276, -3.0966802946722627, -3.1158827277964485, -3.1476189556257412, -3.1424861721122475, -3.0200068444522388, -3.0372595555569513, -3.1756798724782294, -3.4366662327621653, -3.3326504101903445, -3.2372892442091747, -3.1625179323138646, -3.0789478400872756, -3.0140179848316233, -2.9439507188077916, -2.9202294522926437, -2.8557527835390726, -2.8508491134388296, -2.8382326164828626, -2.852785530680385, -2.820791839762058, -2.8064395381270466, -2.8180057222008643, -2.833452831215378, -2.8582651704847866, -2.8806246224752106, -2.869718054183243, -2.828593047585975, -2.802835418590596, -2.7773073950787137, -2.773007137397857, -2.757252058658746, -2.7268018300821786, -2.7145075436606194, -2.723952357016441, -2.710462617220573, -2.6846513678533737, -2.687817416808092, -2.724885239041019, -2.7186099238301673, -2.686836208341233, -2.6941923698853087, -2.6869323262529754, -2.6929009111059403, -2.6763267645667654, -2.6848763178443247, -2.6700609037332166, -2.691819443195994, -2.687472335984245, -2.6960616966860576, -2.6877119323532694, -2.685082455522454, -2.684008075108125, -2.6811101131942676, -2.6856599206422738, -2.703729412328839, -2.706462690782969, -2.701014883035149, -2.6956101462862465, -2.6806991704147807, -2.6820706506745124, -2.667455043354399, -2.673700709295025, -2.6775109275458164, -2.6717206710463905, -2.668938029546614, -2.6690205808195118, -2.6566180193315354, -2.6616064570493583, -2.661229627835942, -2.652058048195504, -2.659896834439021, -2.66789477375913, -2.6973168883556133, -2.6959326207381036, -2.704610404881449, -2.6979030277017695, -2.6919265782903725, -2.687303850436849, -2.6832728624663362, -2.6771816858078816, -2.672366374690869, -2.688287254642623, -2.6867826174671525, -2.681241089792476, -2.6796046428317464, -2.6805509227614643, -2.6717826227883825, -2.668733464451468, -2.6624839911185743, -2.657761150674543, -2.6567024667607573, -2.6586020649505677, -2.653263092645085, -2.6606487773926903, -2.6588951772430756, -2.650773691743112], "1": [-3.369097131295715, -3.2737190921582475, -3.050395101874214, -2.7564171365651347, -2.7174815603000217, -2.6070060028534, -2.5802588491384437, -2.582900668174706, -2.536232620820404, -2.5320320308044044, -2.539606484445825, -2.5219433258012973, -2.5166812096294513, -2.5333694970399767, -2.530097977164745, -2.518503108309741, -2.4927231136285735, -2.5213344103446698, -2.5012023364617333, -2.481803957735464, -2.468330276516832, -2.481462581135311, -2.5308083504258354, -2.5220808648684105, -2.5326677194894898, -2.505019861699563, -2.5574583600752434, -2.5643608576002523, -2.537825016871572, -2.5380243906014948, -2.5177080233367737, -2.5257285534534173, -2.505670629106599, -2.492571212451643, -2.493209225423972, -2.508007851352529, -2.4923726102546047, -2.50248449095248, -2.5012573004702165, -2.5090310414299903, -2.511741761533204, -2.5422536936786813, -2.536170630527701, -2.560452249591014, -2.62661876787496, -2.622426894065644, -2.6190062894798083, -2.6053174202903366, -2.596992778250161, -2.59572243853706, -2.600943215655275, -2.5951622907166114, -2.5810992336834873, -2.5825305554104663, -2.5669335326836444, -2.5674011940830863, -2.5810283330768815, -2.5766585001871145, -2.5735810972159743, -2.5709793777943997, -2.56378102166272, -2.5647320254774657, -2.602747526125504, -2.6154180410224313, -2.6074536238194654, -2.597569349421876, -2.589196988662279, -2.586559989640631, -2.589950882636919, -2.5820548634535916, -2.5761503893151363, -2.571870045008837, -2.567019500367915, -2.5787965608633803, -2.5909234306763227, -2.608891786051936, -2.6096694107527743, -2.6147933187682155, -2.609546013235576, -2.602451685307786, -2.6082987603990233, -2.6074851839650255, -2.597113494634827, -2.6150446408209485, -2.6130236792591512, -2.6196010064979776, -2.618221841595675, -2.6129644836728367, -2.6097736738356536, -2.6023030849436375, -2.602267851531259, -2.6013259300150997, -2.6004805339870827, -2.601446811887103, -2.5937829595428465, -2.592955599881656, -2.5824368697558544, -2.58489803002754, -2.587320560271708, -2.593580871279067], "2": [-2.6876726643530744, -2.6507989711658295, -2.5497408260202534, -2.4632561986694146, -2.454757667343213, -2.5229128347081433, -2.5148254364483718, -2.5422402635034587, -2.7184151219984414, -2.7515688608346744, -2.7264805502800296, -2.721305463842528, -2.6720073525321055, -2.646726689072976, -2.6232282790332238, -2.611896352019737, -2.573888310824096, -2.558766850707541, -2.530814791292145, -2.5008230917011525, -2.4851881317273947, -2.4930231473997133, -2.520031666165453, -2.569728794335729, -2.582211444414178, -2.646427921588053, -2.6985464200826543, -2.6899619624976285, -2.6858431167151404, -2.669849840399459, -2.6672596677956655, -2.6385068521351895, -2.6182614148063386, -2.613132318668069, -2.5962251558646203, -2.596523013529211, -2.5797488097351935, -2.5901751392368126, -2.5939346547505266, -2.5766416303667405, -2.5762254776046074, -2.5801635470303705, -2.5782239980684065, -2.6084877352545095, -2.664636476342281, -2.6512930214154147, -2.647998992792349, -2.6349575164789636, -2.63594369943608, -2.639417850342282, -2.634705024222918, -2.635183430332312, -2.6383204982249344, -2.646417971959347, -2.6528063554027437, -2.652923442214367, -2.6355034142135616, -2.650953686665756, -2.66922382821053, -2.6745374586030457, -2.6667806565128718, -2.6656010862793273, -2.6519527987367444, -2.6501555092812294, -2.6436750079693256, -2.6259018654332658, -2.643434286408763, -2.6677614476406273, -2.6821418307694453, -2.6863632353258944, -2.6786757183215695, -2.6772592196826253, -2.6788577172582926, -2.6612847250359413, -2.6695931416591483, -2.672206316643709, -2.668723864050886, -2.6777226119691617, -2.6860579210179187, -2.6924251960692454, -2.684363014422022, -2.6805483178188334, -2.6704368501097244, -2.674692922240023, -2.6708791342476967, -2.6676422416111003, -2.669419833929332, -2.667585115246164, -2.6721651742604475, -2.6715520057613023, -2.665165062897519, -2.6596922911052885, -2.658162805127611, -2.6607970950077546, -2.659540212069683, -2.653632480277257, -2.650749420685058, -2.6444937572871394, -2.6439215043389543, -2.642940169663251],