{"0": [-4.073929251893359, -3.903345863002005, -3.6563971109289013, -3.6680403443650595, -3.870238579787166, -3.749729929927091, -3.7108329463207057, -3.6034145049683546, -3.591680438261975, -3.645849523136224, -3.5657750852100194, -3.665768600712643, -3.709358459066892, -3.7362049840955542, -3.7406603783921457, -3.8482804176200798, -3.7464316300421996, -3.765923555471548, -3.7350501688070747, -3.691101192111164], "1": [-3.495968482503816, -3.8157116052805558, -3.9351516288356954, -4.341735075474156, -4.153225130950447, -4.185565663724304, -4.030759765086849, -4.0855653911976075, -3.98154504661515, -3.778734553837339, -3.8977532203265826, -3.9252697266671874, -4.002890710673551, -4.062871077468332, -4.101413095000603, -4.140398828165796, -4.181143352089871, -4.1744699006799095, -4.345711916297576, -4.278527022168776]}