{"bn_2": {"1": 0.04087602930637655, "2": Infinity, "3": 0.13225721680065816, "4": 0.051926700483831245, "5": 0.1273938085438321, "6": 0.03738582146484009, "7": 0.02984528995431232, "8": 0.06589217559243538, "9": 0.10945200351407565}, "bn_3": {"1": 0.08656624681836084, "2": 0.1269778598471887, "3": Infinity, "4": 0.1780437094268208, "5": 0.00040747515421845487, "6": 0.2258005453698591, "7": 0.13601066786736202, "8": 0.18124050858398724, "9": 0.16041257267585274}, "bn_4": {"1": 0.04963174196742309, "2": 0.0560852219515503, "3": 0.09083824177644245, "4": Infinity, "5": 0.06163979271792416, "6": 0.10419809707305963, "7": 0.1355849851588722, "8": 0.07419710859258129, "9": 0.04697895207628517}, "bn_5": {"1": 0.047862009317290136, "2": 0.1221706772113878, "3": 0.030045537952011023, "4": 0.005104329211592916, "5": Infinity, "6": 0.07485726452969615, "7": 0.08709624982740921, "8": 0.0650166934792339, "9": 0.036066297196880565}, "bn_6": {"1": 0.22479019201040598, "2": 0.003665366685231814, "3": 0.019284734724748728, "4": 0.07938452249796614, "5": 0.065835360131117, "6": Infinity, "7": 0.23464539023734976, "8": 0.03032071018243008, "9": 0.07374467818113405}, "bn_7": {"1": 0.09617923157198238, "2": 0.05800413880273957, "3": 0.10037216569502337, "4": 0.09716888059709866, "5": 0.09470548695405338, "6": 0.05544410800175669, "7": Infinity, "8": 0.14592449916186143, "9": 0.2634560284178287}, "bn_8": {"1": 0.09996757818483733, "2": 0.02874983393815953, "3": 0.006686596666263477, "4": 0.08734142273048523, "5": 0.16097779199132958, "6": 0.15813879982973042, "7": 0.10112720709126709, "8": Infinity, "9": 0.1905608427786972}, "bn_9": {"1": 0.09333185499436825, "2": 0.02438408034115977, "3": 0.02599150251010763, "4": 0.04070226049454081, "5": 0.10415436686031024, "6": 0.06345309943708798, "7": 0.006144450858084617, "8": 0.16104781621537595, "9": Infinity}}